id,username,password,name,address_house_no,address_street,address_city,address_state,address_country,address_pin_code
0,'byaiprweag','bfe1da4f0d0956c815dc05c22b2f5c5cd5fa4dbc928cade9d00701f37791f9b0','flxdlkmyxs','hbockwdlru','emhaambryf','ekjfdmcbhe','sybnwxcnde','qnotthlxop','183095'
1,'lmhwmowdvu','4267d50103667bedde221c36e6bf37445ccfe3d0c88b5c4b309b999c27bac193','dhzfmcvzor','dampnzuveo','ygnmdsnuln','uexibobzuo','kmeulbpriz','yvonngrtbu','444657'
2,'nimfecwzbb','33df914cc72c96010be81da8a7d5c735d5483c6a54d9ac03bc3a5b66fc42bd51','zsbgheoarv','oscdsbjvuq','xdlajruozt','iutufezrtx','rdjkqfexit','vbchkoxbsw','239520'
3,'agljnqpczd','5334b2300cf1252ecf2a98baa3b1ba58afab77facd45a51182c1fd7bfbd5c06a','xbdekhwkkl','dzflbhtzof','lmbztnefcs','iveurbtcfv','wfctigpqvh','ipchlynjep','065043'
4,'auxllpgkqo','d09406eec2355d6578d8705595f89efe36faecee0eef13c150b654d9e6669121','burjnhoayz','vjnwjgmtph','sohgwiyldg','ncndhjypge','stylnebmnw','okfxphwckz','695114'
5,'fynwaflbxz','d09406eec2355d6578d8705595f89efe36faecee0eef13c150b654d9e6669121','nqepzjdscd','bkxqieunsp','oustcayers','keurduxegn','zpkvprviiv','ivfatiwalx','243613'
6,'icrywoaqns','d09406eec2355d6578d8705595f89efe36faecee0eef13c150b654d9e6669121','bpdiejfzph','kuxdfskqpa','fgpnyazqtm','tveqkffxen','dxojoetirm','sfbgvtdgic','793290'
7,'kyitjlrlhm','d09406eec2355d6578d8705595f89efe36faecee0eef13c150b654d9e6669121','aefqbgkoam','hcenraxctl','bpravodoqr','vyuxrvhqfp','vrknsaawnx','kzsatrvlfs','899428'
8,'rrtucmlchf','d09406eec2355d6578d8705595f89efe36faecee0eef13c150b654d9e6669121','ugcdlbrpxf','qtndmliuro','zzuojuahko','hvwhytntdo','wroqjepirv','fkqrrivjst','306591'
9,'nkengolalx','d09406eec2355d6578d8705595f89efe36faecee0eef13c150b654d9e6669121','xcrdadfxth','lavgnhdmfi','whcdotogrl','ngdzseoicd','pracjxmqjl','ssorwkvnbk','654109'
10,'xultthkxmm','d09406eec2355d6578d8705595f89efe36faecee0eef13c150b654d9e6669121','duhkwjfngz','lrkxqxyfwd','mbjqpcavff','spgfxritxo','ufmzxzmyqv','pjiedpchmp','900873'
11,'ymbquwgfgv','d09406eec2355d6578d8705595f89efe36faecee0eef13c150b654d9e6669121','lagnqrpklf','hjaybcitxf','sxnzwwfxgu','smlgzxzuka','burafmeaxe','liorgprcfm','091628'
12,'yykcelvihl','d09406eec2355d6578d8705595f89efe36faecee0eef13c150b654d9e6669121','lmqypakups','hzcjczuinn','orwabtydfa','wpzczsglqg','rgvaiowytz','hgcgtxcbtb','485730'
13,'ekifnncagy','d09406eec2355d6578d8705595f89efe36faecee0eef13c150b654d9e6669121','moqktzhgwx','syoiqjdfea','kdowvqezzw','btubjlimje','oyxahqkyqc','ocayelzogz','062287'
14,'vraxtqbwmm','d09406eec2355d6578d8705595f89efe36faecee0eef13c150b654d9e6669121','nggobiswxo','aezkdpqgwz','sksaeokrfp','thcgkauepi','bhrmpgfgfi','ragjmddeii','875191'
